address,snapshotBalanceWei,usdValue,ethAmountWei,ethAmount
0x82ccddd324a6c14861cb622da051579d4e99ac54,32319671585719116225209612,229.490132,85413606364002940,0.08541360
0x92c011a3341a1ac5f96774255d390b10a425bb66,25776633011108119935566423,183.030415,68121830370732873,0.06812183
0x6e18f22ea7869e47792e5440d4f78f3f1da0520b,19789962059337854790313505,140.521261,52300408585888372,0.05230040
0x0802e4a803d80b2f294ddd38a915c1bd5fef4491,19447067913972659059528317,138.086495,51394216656336549,0.05139421
0x8f772af47d8b510d859f47398b43864ddd3f435d,19315487805139650718531515,137.152193,51046480090035509,0.05104648
0xa99818472259d1e7254392b98c3109abee5d8005,15115733261325926988212058,107.331277,39947475557166378,0.03994747
0xea7f6b9e9a117488c31798d47a104c7a87205ac9,10304002003964414393230821,73.164938,27231154524769333,0.02723115
0x4e2c1ac176b783798e7130b8d9868ded83a41cdd,9737245589815723684905124,69.140609,25733345082802102,0.02573334
0x792ad4c149889f6d23ceb99011ab0a6c608c6438,9681917215720923014353475,68.747742,25587124662425623,0.02558712
0xa6a6d3123cc7503846e9765e0de8b533a153f7aa,9675941135164370826670579,68.705308,25571331228668008,0.02557133
0x2e5453a5f77a80fe7bfd09d98fd53d2cf2f46bbc,9229130400310209331631378,65.532669,24390511178413927,0.02439051
0x5f75c1a38d8eab51449e3ab798a45f6b41dfaa91,8844759803628105344292987,62.803395,23374706337828581,0.02337470
0x1d21ba45bc96abdf33bc7aef0f5addcb14806a93,8832792641762309707062318,62.718420,23343079826705521,0.02334307
0xff9ab6e0c224fbf363bd00ec10506841143064ba,7695474547349686483551229,54.642742,20337404482227657,0.02033740
0x12c1ee5af6912159509f3943156ecce348b703cf,7323328370644015327025323,52.000268,19353906027959573,0.01935390
0xc2c731415aa525643cb25fc124e4b5caa21f4798,7287318474621902297030866,51.744575,19258739990276180,0.01925873
0x1273b309a03d99c1ce81015d9d754135363473a4,7061888292064471838163170,50.143878,18662978835202015,0.01866297
0x610f80f21d8dbecd6b1951fe890d5f296a88a9d0,6000000000000000000000000,42.603799,15856647454625268,0.01585664
0xdf0a4bd074a23b687a5a8d76c35a73d16b0d983c,4434508254006447206893345,31.487816,11719405669734345,0.01171940
0xb2db7f03aa0ec91895a3fe38ec461822a570d234,3756061473053184305897705,26.670415,9926423766017468,0.00992642
0x98b0cf7f35ad9ed7defa9c5b012530b66d139a4d,3692940087716339371769759,26.222213,9759608173661818,0.00975960
0x9f7ce901e5cea41ebd00dca71cf4146f9a023eaf,2390768473340113604930142,16.975970,6318262137897808,0.00631826
0x4123ffc81579e38dfff74b75d8bdf21c41e62237,2097856095517702060086393,14.896107,5544160752860145,0.00554416
0x2af6861c743cf0a12f033a851071187848ace750,1504419925387396477815695,10.682334,3975842730096932,0.00397584
0x926a847eddadfb320dcb204cb0fe8a050a04172c,1353106859692793143649044,9.607915,3575956407097286,0.00357595
0x4b6d484634e44f7bd8f1c0975ac86c087ca39744,1345627928335341160013338,9.554810,3556191277451876,0.00355619
0x343e59f5148f3f5c3121f5337f3c19778b5fe534,1033745706894886260810499,7.340249,2731956871994099,0.00273195
0xf575e25dd485a0c621b7e6a346f4a2fc6af7cae4,1007722679699506234206278,7.155469,2663183877337555,0.00266318
0xb7508dd840fd2aa532f44610d2c62b9593aa0fcb,833977287169809299548150,5.921767,2204013971302740,0.00220401
0xfef55f02dc6dfd96e6f857aec329f6d65d813813,616752982979450717019040,4.379337,1629939102948941,0.00162993
0xf028cad7afc6623e017616d9aacfd6ce81c17bd5,490044955972266817697598,3.479629,1295078350628266,0.00129507
0x4acb6c4321253548a7d4bb9c84032cc4ee04bfd7,488637592296756143462799,3.469636,1291359005687763,0.00129135
0xc2f7aa84ba47215672ce54badde050e8ad0d00d7,471855925340065084623188,3.350476,1247008842915565,0.00124700
0x89dbe7dec4c2f2df6f75239847c687e02e5efb53,452985476543002127633711,3.216484,1197138500601301,0.00119713
0x09a86b384cb3aec6e5fc82262d538be208d0c312,391791256451759254517039,2.781966,1035415971560037,0.00103541
0x01c6abd25e6f03afcd9f30ca80eb0dc26433658f,366434699533283741460079,2.601918,968404307606803,0.00096840
0x1158316308eb1a5a47329f8fead688298b7016e1,326046941582549914226944,2.315140,861668567722215,0.00086166
0x21a6252e41e4e95700bd1e2af592286c78091f61,302479524086014794201253,2.147796,799385195945794,0.00079938
0xb19dbb6c2a9273978e85a795598a3aa9e0c646bf,277302004785748996618303,1.969020,732846688058071,0.00073284
0x8a137bba0d7c0964dd814dfc797aefc04985fdd2,275909730736660744765440,1.959134,729167221598635,0.00072916
0xa0958d0b5496c93959b1725bbfe35872159c8511,197636407787032567703538,1.403344,522308473746255,0.00052230
0x78aacb90f186bf118bfc0d8c64896f970221c5d3,188844256463178089389906,1.340914,499072799761242,0.00049907
0x0e331a293bb22e93e2e5e417d84d755ae185da02,62001844684555989655466,0.440252,163856898783239,0.00016385
0x48b51287fb5281ea0913100809c3b7f1649c7996,55314298259616518502342,0.392767,146183221117121,0.00014618
0xa4d9d7068d84bbdf2e3caf1bbf2e1135bcd41984,54040321039404705172572,0.383720,142816386509434,0.00014281
0xfeeac21c90b9291209f5f0fdc271aef3feef303d,52633325926504543253701,0.373730,139098015596828,0.00013909
0xcd6b980029e6e6e0733ac8ec3e02be9410d09799,49985144046962089062810,0.354926,132099467853556,0.00013209
0x53d0e7987dd6e7248fea01f28d79811d26681ad6,40072802012017137563734,0.284542,105903382337258,0.00010590
0xf3dcc71f969bd49cdcb119b71b60aeadd82c6235,37001600871532383080285,0.262735,97786890046107,0.00009778
0x2cffed5d56eb6a17662756ca0fdf350e732c9818,36840946967321463558483,0.261594,97362317992560,0.00009736
0x2a3d35921957eda17537c061a3071d351c0a1a68,28915155136827618161362,0.205316,76416236850078,0.00007641
0x7ea013ef0dd4fecfe7bb7cdfc19528eb3f2d58fd,23000006568077416624231,0.163315,60783832600678,0.00006078
0x1392f829825680f442432f5faf0730c930fb853e,21257514608611798490733,0.150942,56178819151717,0.00005617
0xae1c0c6ef0d74ea18bea4dece0e5307617af9fa4,20097599751206891109751,0.142706,53113425656508,0.00005311
0xc06ebbefd94032b85424d51906e2a335efae264b,18207420791967637509800,0.129284,48118108759374,0.00004811
0xd0a67cb08be17475f4315a04c5f0be3e200ef66c,5562625407425553905141,0.039498,14700765001281,0.00001470
0x177959675380c537b4437ba936529d183609d364,5013592889275358236725,0.035600,13249795821042,0.00001324
0xe911f518449ba0011d84b047b4cde50daa081ec1,4619008984044392024742,0.032798,12206999508289,0.00001220
0x5aafc1f252d544f744d17a4e734afd6efc47ede4,4389081442182700732558,0.031165,11599352846388,0.00001159
0xecf6b505ec00141edb4e719fc7d547db6aeb3f2c,351364853305034766898,0.002495,928578101134,0.00000092
0xdb4853f56f9bc7acadac1b4af406853c61391141,300869851589896835328,0.002136,795131194397,0.00000079
0x2e66128ed4c5e0a8541b315385790b29a71336b8,248167492821611547798,0.001762,655850740561,0.00000065
0xf5c4f3dc02c3fb9279495a8fef7b0741da956157,200261225239657209476,0.001422,529245274576,0.00000052
0xfe759a328ff637d8563aee9e37f9b1f316fcd0a2,186332730760019317062,0.001323,492435403486,0.00000049
0xfddeed477de50d093d586bb0a57f186e9a374776,171347092884397181185,0.001217,452831740707,0.00000045
0x080b1f2fc750e42031d2d4e3accd381dd5cb5605,71061556304853114544,0.000505,187799674317,0.00000018
0xb666fd9b55572a3cf6d42b16fb550787670a000f,17556511712861239524,0.000125,46397902793,0.00000004
0xaa017faa366f4d00a6567f7c3ed5f636672dbb7b,94906134770668621,0.000001,250815520,0.00000000
0x0ce2a8abe0a744c229abd0e64295cc72633163ef,16297683,0.000000,0,0.00000000
0x05448d41a3a0de7228149e951e106156237198a2,2,0.000000,0,0.00000000
0x2fcd16bc33db58deb1ba5a221741fe96ba0fb37b,1,0.000000,0,0.00000000
